{"epoch":30,"train_loss":0.005020283282663456,"val_accuracy":87.89237668161435,"_timestamp":1.7481233630148926e+09,"_runtime":290.1281399,"_step":29,"_wandb":{"runtime":290}}