{"_runtime":42.308719,"_wandb":{"runtime":42},"_step":5,"epoch":6,"train_loss":2.8649739566939827,"val_accuracy":21.524663677130047,"_timestamp":1.748123998911223e+09}