{"_step":14,"_wandb":{"runtime":451},"epoch":15,"train_loss":2.448926781325062,"val_accuracy":61.88340807174888,"_timestamp":1.7476927050302677e+09,"_runtime":451.7280187}