{"epoch":15,"final_val_accuracy":66.81614349775785,"_wandb":{"runtime":362},"train_loss":0.1062413085870144,"val_accuracy":59.19282511210763,"_timestamp":1.7475635435929728e+09,"_runtime":362.122712547,"_step":15}