{"_wandb":{"runtime":463},"_runtime":463.0763343,"_step":14,"epoch":15,"train_loss":1.6862429391108287,"val_accuracy":70.85201793721974,"_timestamp":1.7477007542228992e+09}