{"_wandb":{"runtime":682},"_runtime":682.569894684,"_step":14,"epoch":15,"train_loss":2.3611382935613796,"val_accuracy":60.53811659192825,"_timestamp":1.7476780530918999e+09}