{"epoch":6,"_wandb":{"runtime":193},"train_loss":2.5521034285626603,"val_accuracy":60.53811659192825,"_timestamp":1.7475694633520548e+09,"_runtime":192.998914164,"_step":5}