{"train_loss":0.00274711512728707,"val_accuracy":89.23766816143498,"_timestamp":1.748122357197905e+09,"_runtime":251.0579007,"_step":29,"_wandb":{"runtime":251},"epoch":30}