{"_wandb":{"runtime":453},"train_loss":1.18300325667377,"val_accuracy":78.9237668161435,"_timestamp":1.747568456793311e+09,"_runtime":453.810795127,"_step":14,"epoch":15}