{"_step":14,"epoch":15,"train_loss":0.6145783777728744,"val_accuracy":83.40807174887892,"_wandb":{"runtime":363},"_timestamp":1.747573029934754e+09,"_runtime":363.122741206}