{"_timestamp":1.747705572975151e+09,"_runtime":159.3161772,"_step":5,"_wandb":{"runtime":159},"epoch":6,"train_loss":1.3208253453130678,"val_accuracy":75.7847533632287}