{"epoch":15,"train_loss":0.42349802886424043,"val_accuracy":80.71748878923766,"_timestamp":1.747702966177256e+09,"_runtime":400.6796431,"_step":14,"_wandb":{"runtime":400}}