{"epoch":15,"train_loss":0.236959271032714,"_wandb":{"runtime":401},"val_accuracy":81.16591928251121,"_timestamp":1.747706378647076e+09,"_runtime":401.7480776,"_step":14}