{"val_accuracy":72.6457399103139,"_timestamp":1.7476908600613139e+09,"_runtime":462.4382889,"_step":14,"epoch":15,"train_loss":1.611642694794009,"_wandb":{"runtime":462}}