{"epoch":15,"train_loss":0.27863023500271444,"_wandb":{"runtime":409},"val_accuracy":82.51121076233184,"_timestamp":1.7477076121402643e+09,"_runtime":409.5045794,"_step":14}