{"_runtime":10349.8720626,"_step":30,"_wandb":{"runtime":10349},"val_accuracy":74.46988973706532,"train_loss":0.010499004724589577,"lr":1.5091581668946351e-05,"_timestamp":1.7480926776458917e+09,"final_val_accuracy":74.46988973706532,"epoch":30}