{"_step":15,"epoch":15,"train_loss":2.6286998094464633,"val_accuracy":39.91031390134529,"final_val_accuracy":39.91031390134529,"_wandb":{"runtime":277},"_timestamp":1.7475644523420234e+09,"_runtime":277.053640394}