{"_runtime":441.0174184,"_step":14,"_wandb":{"runtime":441},"epoch":15,"train_loss":0.7480598399457375,"val_accuracy":80.71748878923766,"_timestamp":1.7476946452446213e+09}