{"_step":15,"epoch":15,"train_loss":2.839670365166771,"final_val_accuracy":19.282511210762333,"_wandb":{"runtime":321},"val_accuracy":19.282511210762333,"_timestamp":1.7475650483080544e+09,"_runtime":321.799645034}