{"epoch":15,"train_loss":0.7162178180142903,"val_accuracy":78.9237668161435,"_timestamp":1.7477011789757304e+09,"_runtime":423.7863056,"_step":14,"_wandb":{"runtime":423}}