{"val_accuracy":75.33632286995515,"_timestamp":1.74812436279787e+09,"_runtime":50.8103109,"_wandb":{"runtime":50},"_step":5,"epoch":6,"train_loss":0.2639153629140469}