{"_step":14,"_wandb":{"runtime":400},"epoch":15,"train_loss":0.3162631202706307,"val_accuracy":82.51121076233184,"_timestamp":1.7477054122647934e+09,"_runtime":400.7648748}