{"epoch":6,"train_loss":1.1549299100054753,"val_accuracy":73.09417040358744,"_timestamp":1.747707775357587e+09,"_runtime":162.1439255,"_step":5,"_wandb":{"runtime":162}}