{"train_loss":0.27656174307446846,"val_accuracy":83.40807174887892,"_timestamp":1.747693758794353e+09,"_runtime":452.4754159,"_step":14,"_wandb":{"runtime":452},"epoch":15}