{"train_loss":2.7946329544477932,"val_accuracy":34.52914798206278,"_timestamp":1.7475697812645495e+09,"_runtime":151.974842101,"_step":5,"_wandb":{"runtime":152},"epoch":6}