{"_timestamp":1.7477085799724586e+09,"_runtime":400.6204555,"_step":14,"epoch":15,"train_loss":0.3760299929856185,"_wandb":{"runtime":400},"val_accuracy":84.30493273542601}