{"train_loss":0.7545091071470971,"val_accuracy":50.224215246636774,"_timestamp":1.7475624578311224e+09,"_runtime":54.243432537,"_step":2,"_wandb":{"runtime":66},"epoch":3}