{"epoch":1,"train_loss":1.3190831809300478,"val_accuracy":65.47085201793722,"lr":0.0006707369630642823,"_timestamp":1.747849408350249e+09,"_wandb":{"runtime":86},"_runtime":65.5079969,"_step":0}