{"lr":0.0006707369630642823,"_timestamp":1.7478485989704394e+09,"_runtime":281.8308844,"_step":4,"epoch":5,"train_loss":0.5132132471944184,"val_accuracy":80.26905829596413,"_wandb":{"runtime":312}}