{"_step":15,"final_val_accuracy":68.16143497757847,"_wandb":{"runtime":240},"epoch":15,"train_loss":0.22936897176931792,"val_accuracy":66.3677130044843,"_timestamp":1.7475628836263037e+09,"_runtime":240.974223904}