{"lr":0.0006707369630642823,"_wandb":{"runtime":291},"_timestamp":1.7478491231399012e+09,"_runtime":215.6949003,"_step":1,"epoch":2,"train_loss":0.6633467674255371,"val_accuracy":80.71748878923766}