{"_runtime":167.841889,"_step":5,"epoch":6,"_wandb":{"runtime":167},"train_loss":2.9766959887448983,"val_accuracy":6.726457399103139,"_timestamp":1.7476933052597787e+09}