{"_timestamp":1.7481226040136573e+09,"_runtime":245.6379934,"_step":29,"_wandb":{"runtime":245},"epoch":30,"train_loss":0.011238424880054233,"val_accuracy":86.09865470852019}