{"epoch":15,"train_loss":0.49154376435707503,"val_accuracy":80.26905829596413,"_wandb":{"runtime":355},"_timestamp":1.747570520095905e+09,"_runtime":355.335330422,"_step":14}