{"_step":14,"_wandb":{"runtime":408},"epoch":15,"train_loss":0.5217697157988099,"val_accuracy":81.61434977578476,"_timestamp":1.747704599105333e+09,"_runtime":408.5274991}