{"_timestamp":1.7476917822500865e+09,"_runtime":469.8732114,"_step":14,"epoch":15,"train_loss":2.4781048992824126,"_wandb":{"runtime":469},"val_accuracy":53.36322869955157}