{"_wandb":{"runtime":58},"_step":5,"epoch":6,"train_loss":0.08333985811525396,"val_accuracy":83.85650224215246,"_timestamp":1.7481240590174453e+09,"_runtime":58.974426}