{"val_accuracy":85.20179372197309,"final_val_accuracy":87.4439461883408,"epoch":19,"train_loss":0.010933651685956948,"_wandb":{"runtime":269},"lr":2.2499999999999998e-05,"_timestamp":1.7481248018535895e+09,"_runtime":269.0331995,"_step":19}