{"_wandb":{"runtime":159},"_timestamp":1.7477002901217039e+09,"_runtime":159.0651698,"_step":5,"epoch":6,"train_loss":2.9190487327062495,"val_accuracy":22.421524663677133}