{"train_loss":2.322212952669426,"val_accuracy":62.33183856502242,"_timestamp":1.7476988394141376e+09,"_runtime":439.374055,"_step":14,"_wandb":{"runtime":439},"epoch":15}