{"_runtime":408.4888722,"_step":14,"_wandb":{"runtime":408},"epoch":15,"train_loss":0.4039400378952112,"val_accuracy":82.95964125560538,"_timestamp":1.747703375672777e+09}