{"final_val_accuracy":47.98206278026906,"_wandb":{"runtime":229},"_step":30,"epoch":30,"_timestamp":1.7481207355121052e+09,"_runtime":229.0964092,"lr":0.0001,"train_loss":2.6793169013053313,"val_accuracy":47.98206278026906}