{"final_val_accuracy":85.65022421524664,"_wandb":{"runtime":295},"epoch":15,"train_loss":0.24526147150138033,"val_accuracy":84.75336322869956,"_timestamp":1.7475631804018774e+09,"_runtime":295.504188001,"_step":15}