{"val_accuracy":82.95964125560538,"_timestamp":1.7477025641599727e+09,"_runtime":400.2360316,"_step":14,"epoch":15,"_wandb":{"runtime":400},"train_loss":0.28960873447191554}