{"lr":0.00013396391484690322,"_timestamp":1.7477091427677648e+09,"_runtime":404.0864698,"_step":14,"epoch":15,"train_loss":0.18110466892141933,"_wandb":{"runtime":405},"val_accuracy":84.30493273542601}