{"_timestamp":1.7481228523867843e+09,"_runtime":247.2815642,"_step":29,"epoch":30,"train_loss":0.004276994168925446,"val_accuracy":89.23766816143498,"_wandb":{"runtime":247}}