{"train_loss":1.1758571307220802,"val_accuracy":74.88789237668162,"_timestamp":1.7475676174621973e+09,"_runtime":280.416638926,"_step":14,"_wandb":{"runtime":280},"epoch":15}