{"val_accuracy":38.11659192825112,"_timestamp":1.7481221050895805e+09,"_runtime":228.9397081,"_step":29,"_wandb":{"runtime":228},"epoch":30,"train_loss":2.742518973457439}