{"epoch":15,"train_loss":0.2659599973481867,"val_accuracy":81.16591928251121,"_timestamp":1.7477081782839718e+09,"_runtime":401.8437688,"_wandb":{"runtime":401},"_step":14}