{"_runtime":409.7872039,"_step":14,"epoch":15,"_wandb":{"runtime":409},"train_loss":0.3272034948182213,"val_accuracy":81.16591928251121,"_timestamp":1.747706789784365e+09}