{"train_loss":0.4125460354201997,"val_accuracy":83.40807174887892,"_timestamp":1.7476957322977602e+09,"_runtime":454.7499113,"_step":14,"_wandb":{"runtime":454},"epoch":15}