{"_timestamp":1.7475690913662844e+09,"_runtime":181.486731257,"_step":5,"_wandb":{"runtime":181},"epoch":6,"train_loss":1.828233209426093,"val_accuracy":72.19730941704036}