{"epoch":6,"train_loss":2.9282594571733687,"val_accuracy":20.62780269058296,"_timestamp":1.7481244108349547e+09,"_runtime":46.9511978,"_step":5,"_wandb":{"runtime":46}}