{"_timestamp":1.747678925354847e+09,"_runtime":185.160072025,"_step":3,"epoch":4,"_wandb":{"runtime":226},"train_loss":2.9833610100596477,"val_accuracy":8.968609865470851}