{"train_loss":0.378534747212457,"val_accuracy":80.71748878923766,"_timestamp":1.7475670697044942e+09,"_runtime":290.506066187,"_step":14,"_wandb":{"runtime":290},"epoch":15}