{"_runtime":451.3659612,"_step":14,"epoch":15,"train_loss":0.41031870272662074,"val_accuracy":81.61434977578476,"_wandb":{"runtime":451},"_timestamp":1.7476952763004112e+09}