{"_runtime":341.0190149,"val_accuracy":65.91928251121077,"final_val_accuracy":65.91928251121077,"train_loss":2.450225846115249,"lr":0.001,"_wandb":{"runtime":341},"_step":30,"epoch":30,"_timestamp":1.748125745960672e+09}