{"epoch":6,"train_loss":2.781990350629182,"val_accuracy":40.80717488789238,"_timestamp":1.7477087370875802e+09,"_runtime":156.0952066,"_wandb":{"runtime":156},"_step":5}