{"_runtime":250.8262446,"_step":29,"epoch":30,"train_loss":0.0032185953290038848,"val_accuracy":86.09865470852019,"_timestamp":1.7481243109093442e+09,"_wandb":{"runtime":250}}