{"train_loss":0.03987362346875026,"val_accuracy":83.85650224215246,"_timestamp":1.7481214307758155e+09,"_runtime":248.7332835,"_wandb":{"runtime":248},"_step":29,"epoch":30}