{"_wandb":{"runtime":219},"_step":30,"epoch":30,"_runtime":219.8031752,"train_loss":0.26918193738022195,"val_accuracy":85.65022421524664,"lr":2.2499999999999998e-05,"_timestamp":1.7481198882758844e+09,"final_val_accuracy":85.65022421524664}