{"_runtime":430.1096487,"_step":14,"epoch":15,"train_loss":0.561509751952817,"_wandb":{"runtime":430},"val_accuracy":83.40807174887892,"_timestamp":1.7476931361523716e+09}