{"_runtime":154.1471333,"final_val_accuracy":88.78923766816143,"lr":2.25e-06,"_timestamp":1.7481200434600112e+09,"val_accuracy":87.4439461883408,"_step":17,"epoch":17,"train_loss":0.010476088510500477,"_wandb":{"runtime":154}}