{"val_accuracy":86.09865470852019,"_timestamp":1.7481230203200958e+09,"_wandb":{"runtime":166},"_runtime":166.9276938,"_step":19,"epoch":20,"train_loss":0.025925266627439467}