{"_timestamp":1.747692252285603e+09,"_runtime":469.0461425,"_step":14,"epoch":15,"train_loss":2.851693184386454,"_wandb":{"runtime":469},"val_accuracy":30.94170403587444}