{"_wandb":{"runtime":50},"epoch":6,"train_loss":1.8507295387208194,"val_accuracy":76.23318385650224,"_timestamp":1.7481230718897996e+09,"_runtime":50.4363235,"_step":5}