{"epoch":15,"train_loss":0.29999100473696877,"val_accuracy":83.40807174887892,"_timestamp":1.7477041895075047e+09,"_runtime":401.5215679,"_step":14,"_wandb":{"runtime":401}}