{"_wandb":{"runtime":229},"train_loss":0.006036922360682702,"val_accuracy":86.09865470852019,"_timestamp":1.748121661511374e+09,"_runtime":229.7024562,"_step":29,"epoch":30}