{"_wandb":{"runtime":41},"_runtime":41.2206879,"_step":5,"epoch":6,"train_loss":1.8069583124109447,"val_accuracy":69.50672645739911,"_timestamp":1.7481234052765975e+09}