{"val_accuracy":3.1390134529147984,"_timestamp":1.7476997184427025e+09,"_runtime":432.2663664,"_step":14,"_wandb":{"runtime":432},"epoch":15,"train_loss":2.9769492405947013}