{"val_accuracy":82.95964125560538,"_timestamp":1.7476913112783823e+09,"_runtime":450.1316282,"_wandb":{"runtime":450},"_step":14,"epoch":15,"train_loss":0.5836916416215255}