{"_step":14,"epoch":15,"train_loss":0.4729772093852005,"val_accuracy":82.95964125560538,"_timestamp":1.7476961762369072e+09,"_wandb":{"runtime":442},"_runtime":442.8708452}