{"epoch":3,"train_loss":2.165326552006161,"_wandb":{"runtime":111},"val_accuracy":65.02242152466367,"_timestamp":1.7476962681118007e+09,"_runtime":90.3877777,"_step":2}