{"_step":14,"_wandb":{"runtime":401},"epoch":15,"train_loss":0.3119978185726388,"val_accuracy":82.51121076233184,"_timestamp":1.7477059755232496e+09,"_runtime":401.4560442}