{"train_loss":2.1059649391559208,"val_accuracy":67.71300448430493,"_timestamp":1.7476983990347147e+09,"_runtime":395.0921564,"_step":14,"_wandb":{"runtime":395},"epoch":15}