{"final_val_accuracy":85.65022421524664,"_wandb":{"runtime":271},"val_accuracy":83.40807174887892,"_timestamp":1.747564725391403e+09,"_runtime":271.973894055,"_step":15,"epoch":15,"train_loss":0.017792027364297032}