{"train_loss":0.40420888063618954,"val_accuracy":83.85650224215246,"_timestamp":1.747568001997486e+09,"_runtime":378.279878606,"_step":14,"epoch":15,"_wandb":{"runtime":378}}