{"final_val_accuracy":81.61434977578476,"_wandb":{"runtime":354},"epoch":15,"train_loss":0.9008458965027814,"val_accuracy":81.61434977578476,"_timestamp":1.7475638993060343e+09,"_runtime":354.297553225,"_step":15}