{"_timestamp":1.7476948239053311e+09,"_runtime":177.480231,"_wandb":{"runtime":177},"_step":5,"epoch":6,"train_loss":2.2577671384597573,"val_accuracy":66.81614349775785}