{"train_loss":0.44997791538324056,"val_accuracy":82.0627802690583,"_timestamp":1.7476942031515508e+09,"_runtime":443.2004096,"_step":14,"_wandb":{"runtime":443},"epoch":15}