{"train_loss":2.4878574123297037,"val_accuracy":59.19282511210763,"_timestamp":1.747569628028074e+09,"_runtime":163.442362296,"_step":5,"epoch":6,"_wandb":{"runtime":163}}