{"_wandb":{"runtime":410},"train_loss":0.26166375094999644,"val_accuracy":82.51121076233184,"_timestamp":1.7477050103988566e+09,"_runtime":410.282725,"_step":14,"epoch":15}