{"epoch":6,"_wandb":{"runtime":176},"train_loss":2.9901984571876015,"val_accuracy":4.932735426008969,"_timestamp":1.747569269165878e+09,"_runtime":176.527303003,"_step":5}