{"train_loss":0.23701441488458436,"val_accuracy":80.71748878923766,"_timestamp":1.7477072014747095e+09,"_runtime":410.5952273,"_step":14,"epoch":15,"_wandb":{"runtime":410}}