{"_wandb":{"runtime":684},"val_accuracy":15.246636771300448,"_timestamp":1.7476787385131938e+09,"_runtime":684.065148179,"_step":14,"epoch":15,"train_loss":2.9615462200524028}