{"_runtime":431.3759621,"_step":14,"epoch":15,"train_loss":2.485411667503049,"val_accuracy":55.15695067264574,"_timestamp":1.7476980029305546e+09,"_wandb":{"runtime":431}}