{"_runtime":851.5604226,"_wandb":{"runtime":851},"train_loss":0.0049531009573397546,"final_val_accuracy":85.65022421524664,"val_accuracy":84.75336322869956,"_step":30,"epoch":30,"lr":0.00010061054445964234,"_timestamp":1.7480807737542067e+09}