{"_wandb":{"runtime":451},"epoch":15,"train_loss":0.38490244278458735,"val_accuracy":82.51121076233184,"_timestamp":1.7475689088419623e+09,"_runtime":450.99957457,"_step":14}