{"_runtime":49.5312852,"_step":5,"epoch":6,"train_loss":1.1413390804833896,"val_accuracy":83.40807174887892,"_timestamp":1.7481234559164398e+09,"_wandb":{"runtime":49}}