{"_step":14,"epoch":15,"train_loss":0.24408813268614457,"_wandb":{"runtime":408},"val_accuracy":82.95964125560538,"_timestamp":1.7477021627577686e+09,"_runtime":408.3553685}