{"train_loss":0.32029510727110466,"val_accuracy":66.81614349775785,"_wandb":{"runtime":270},"_timestamp":1.7480797362220488e+09,"_runtime":265.8777275,"_step":8,"epoch":9}