{"val_accuracy":4.484304932735426,"_timestamp":1.7481218750953956e+09,"_runtime":212.5280239,"_step":29,"epoch":30,"train_loss":2.9657031131966765,"_wandb":{"runtime":212}}