{"epoch":2,"_wandb":{"runtime":60},"train_loss":3.00740657258996,"val_accuracy":3.1390134529147984,"_timestamp":1.7476975110029063e+09,"_runtime":60.2967035,"_step":1}