{"_runtime":273.785565345,"_step":15,"final_val_accuracy":86.99551569506725,"_wandb":{"runtime":273},"epoch":15,"train_loss":0.01043006438018562,"val_accuracy":86.99551569506725,"_timestamp":1.7475641741703494e+09}