{"val_accuracy":68.44783715012723,"lr":0.001,"_timestamp":1.748127647937305e+09,"_runtime":1096.6692021,"_step":3,"epoch":4,"train_loss":0.25405481414729186,"_wandb":{"runtime":1120}}