{"_step":14,"epoch":15,"train_loss":0.24787563259291542,"val_accuracy":84.75336322869956,"_timestamp":1.7477001300052512e+09,"_wandb":{"runtime":410},"_runtime":410.531938}