{"val_accuracy":74.88789237668162,"_timestamp":1.747569908663726e+09,"_runtime":126.090399457,"_step":5,"_wandb":{"runtime":126},"epoch":6,"train_loss":1.6125178877013682}