{"val_accuracy":4.0358744394618835,"_timestamp":1.7476992851099265e+09,"_wandb":{"runtime":444},"_runtime":444.5724201,"_step":14,"epoch":15,"train_loss":2.9944391977626648}