{"epoch":30,"final_val_accuracy":32.28699551569507,"_wandb":{"runtime":281},"_runtime":281.0857504,"_step":30,"lr":2.2499999999999998e-05,"train_loss":1.727962898032013,"val_accuracy":30.04484304932735,"_timestamp":1.7481283302316694e+09}