{"val_accuracy":83.85650224215246,"_timestamp":1.7477017532901394e+09,"_runtime":410.8010107,"_step":14,"epoch":15,"train_loss":0.27649848824659273,"_wandb":{"runtime":410}}