{"val_accuracy":82.0627802690583,"_wandb":{"runtime":409},"_timestamp":1.7477037868730676e+09,"_runtime":409.980843,"_step":14,"epoch":15,"train_loss":0.2428009323608715}