{"_timestamp":1.7481237046679354e+09,"_wandb":{"runtime":247},"_runtime":247.6563176,"_step":29,"epoch":30,"train_loss":0.008853992213382315,"val_accuracy":85.20179372197309}