{"_timestamp":1.7481239553924408e+09,"_runtime":249.577328,"_step":29,"_wandb":{"runtime":249},"epoch":30,"train_loss":0.011082358691724426,"val_accuracy":87.4439461883408}