{"_step":5,"epoch":6,"train_loss":2.85800252901599,"val_accuracy":20.62780269058296,"_timestamp":1.7477013413697531e+09,"_wandb":{"runtime":161},"_runtime":161.397481}